ra,dec,parallax,pmra,pmdec,mag
352.2662,49.6740,3.1605,0,0,1.49
292.4395,-0.5918,0.5772,0,0,2.22
194.0385,-63.6010,5.2917,0,0,7.74
223.5964,-84.9931,6.2079,0,0,5.18
19.9223,-4.0026,7.1373,0,0,5.86
129.2774,49.2717,3.0280,0,0,5.04
170.8079,57.2782,6.5053,0,0,3.62
58.9755,45.3617,5.7455,0,0,1.86
163.2695,-76.4122,1.0422,0,0,4.56
98.6404,-62.3168,6.9966,0,0,2.61
338.0539,-55.3856,0.9570,0,0,2.81
222.6500,80.0367,0.2741,0,0,5.66
133.0646,30.6149,7.2699,0,0,1.63
262.5799,35.4754,1.0913,0,0,6.14
148.7669,-32.4219,0.1113,0,0,8.26
17.8779,-76.4268,1.9143,0,0,7.68
18.7481,-53.7082,4.3704,0,0,6.47
354.9611,-47.7257,2.3453,0,0,3.82
285.9117,84.8034,2.1089,0,0,1.57
216.7999,-69.2441,6.2264,0,0,7.60
147.6422,2.6011,3.0183,0,0,8.25
302.2443,-84.2407,6.9520,0,0,2.60
31.8320,41.4623,3.6233,0,0,3.55
198.2372,4.9743,4.6176,0,0,1.55
71.4417,52.0219,6.3474,0,0,1.73
163.4805,-19.9535,6.3562,0,0,1.51
212.6405,16.7384,0.3803,0,0,2.37
105.6711,52.1431,0.1510,0,0,1.17
0.6107,-4.9616,1.1424,0,0,3.64
156.1506,-21.6254,0.3294,0,0,6.87
63.6219,20.8642,0.1056,0,0,4.65
250.7295,23.0184,0.1554,0,0,5.92
304.3504,58.8312,1.4861,0,0,5.82
334.2764,-85.8775,4.0361,0,0,5.31
122.4798,49.0588,1.4767,0,0,3.22
98.5052,-43.4874,2.9369,0,0,2.96
308.5543,9.2230,0.9655,0,0,2.25
17.6153,63.1697,0.6195,0,0,2.18
68.7822,29.2950,9.6164,0,0,2.24
309.0890,43.5597,8.3773,0,0,4.86
359.0537,-52.8171,1.0376,0,0,1.96
355.9368,62.7502,1.8595,0,0,2.11
127.9238,77.4692,9.6822,0,0,8.78
156.9133,-52.0682,0.4398,0,0,6.48
195.8551,53.2085,6.6158,0,0,2.49
261.7553,-67.9806,6.6043,0,0,6.71
313.3969,-53.8815,0.2067,0,0,8.16
337.7752,14.5860,3.3586,0,0,7.34
303.6466,44.7958,2.4928,0,0,2.74
295.3274,-36.0675,7.4006,0,0,4.95
114.2315,31.8631,1.3982,0,0,8.97
120.6016,42.3977,9.9606,0,0,3.69
197.3536,-38.2824,3.3868,0,0,3.67
324.8720,20.2257,0.1033,0,0,7.78
359.6429,-29.1605,0.1039,0,0,4.26
242.9608,59.7416,5.6841,0,0,1.06
182.9895,-13.6245,0.1005,0,0,2.29
321.2623,9.2786,0.8057,0,0,8.95
237.3596,-34.0962,0.1019,0,0,3.00
263.8681,-28.0604,2.7595,0,0,2.79
12.5864,-8.1630,0.1053,0,0,8.15
348.8331,53.6529,2.7361,0,0,1.54
247.7686,24.6786,1.6079,0,0,6.64
308.2438,44.9280,9.5989,0,0,5.57
180.1534,33.3184,0.6347,0,0,8.73
259.7039,-13.1505,0.7928,0,0,5.39
15.2857,-42.0833,0.3776,0,0,8.60
322.2339,-27.0358,1.8568,0,0,4.00
78.0523,-67.7901,1.2589,0,0,2.37
92.0977,-10.7042,0.2747,0,0,7.00
321.7490,43.6741,7.7358,0,0,5.69
50.2868,53.2347,7.3227,0,0,4.79
106.1682,85.9835,3.4218,0,0,6.73
284.7931,-38.7627,3.4178,0,0,7.62
32.8726,27.0423,1.3121,0,0,5.48
125.0354,-89.2278,0.1082,0,0,2.42
257.0296,-26.6900,5.0006,0,0,4.24
95.5136,-22.7304,5.0053,0,0,8.22
283.6375,4.0871,5.3017,0,0,3.93
308.9835,70.4790,5.0471,0,0,4.64
270.7643,-64.1901,8.5439,0,0,1.19
358.6227,27.8989,0.1840,0,0,6.73
31.3128,-80.8922,0.7528,0,0,8.96
322.6042,-46.3844,3.5850,0,0,7.81
126.1387,62.2828,8.9301,0,0,7.51
257.8746,-7.7171,0.8245,0,0,7.54
359.0821,-50.7480,7.8813,0,0,8.54
98.3006,-83.9222,4.5388,0,0,4.45
247.7239,42.8119,4.1007,0,0,4.29
354.4964,-41.7382,0.6005,0,0,8.61
149.7316,-0.9517,8.5843,0,0,3.16
74.1107,-59.9918,2.6921,0,0,3.50
237.1506,-47.0756,9.7844,0,0,3.97
25.8208,78.2389,1.0329,0,0,3.76
12.2081,-26.7106,2.7646,0,0,8.00
130.3371,58.3689,2.9200,0,0,7.77
146.7852,-42.2312,0.8539,0,0,8.83
330.0930,-41.9549,1.5116,0,0,1.26
306.9982,-35.7977,1.2230,0,0,8.03
346.3731,75.3675,0.1876,0,0,2.72
39.5822,41.7141,0.1347,0,0,2.35
48.1208,-24.8370,0.8437,0,0,3.21
355.9453,66.2375,8.7452,0,0,7.38
77.7397,75.1526,3.5391,0,0,1.40
130.9537,41.7043,0.1000,0,0,5.25
340.9468,76.9382,2.1994,0,0,7.64
61.1117,-28.5045,1.8028,0,0,8.60
303.7963,-54.1488,0.2162,0,0,3.05
216.0415,67.4818,8.8147,0,0,5.13
85.6859,71.5921,3.8098,0,0,1.95
282.4816,-12.6962,9.2115,0,0,4.96
73.7199,55.3696,2.1798,0,0,1.28
225.1908,32.0648,3.7457,0,0,5.69
182.6265,-46.3019,9.1197,0,0,3.73
23.1550,-66.1186,7.4621,0,0,2.50
34.3574,62.5580,8.0988,0,0,6.23
346.0950,82.6683,2.5173,0,0,5.06
317.2804,64.0544,8.4868,0,0,6.51
12.3349,11.3594,5.1493,0,0,2.62
42.2635,55.1810,0.1002,0,0,5.67
95.8358,-53.9551,6.7997,0,0,6.44
173.6330,33.7343,2.8261,0,0,2.65
89.7692,59.8210,0.8840,0,0,4.37
119.7722,73.3648,0.3375,0,0,1.06
16.5901,-49.7818,5.5173,0,0,4.43
93.1078,-43.4878,1.3221,0,0,6.73
66.0308,-70.2081,0.1016,0,0,2.07
127.1154,32.5527,0.7423,0,0,4.02
36.0532,10.5537,0.4778,0,0,3.33
74.3252,89.9716,8.2527,0,0,4.54
132.7435,67.3241,0.1439,0,0,4.14
234.9767,25.4007,1.5896,0,0,2.21
76.1941,-39.9877,5.5146,0,0,6.20
6.6579,19.6108,2.2453,0,0,8.76
298.9062,-79.5870,0.1303,0,0,8.44
339.6738,-35.0262,0.2937,0,0,5.04
354.5765,-58.5899,5.3930,0,0,6.28
55.3527,-41.1990,2.6636,0,0,6.09
108.5735,81.6136,0.1187,0,0,1.96
283.7198,-67.4560,7.3386,0,0,3.20
353.2866,-14.5392,5.8367,0,0,6.71
167.5297,35.3961,0.3520,0,0,6.18
167.2779,-52.0593,1.6328,0,0,7.45
49.8720,65.6475,0.9702,0,0,7.60
206.3872,4.6605,1.8200,0,0,8.22
18.2676,73.0236,6.0156,0,0,6.14
157.7347,63.8082,9.1207,0,0,1.10
301.6419,39.0902,0.1076,0,0,1.23
31.2593,-51.0128,1.0762,0,0,4.79
77.5288,-48.9762,0.1336,0,0,3.35
112.3452,-85.8666,1.4109,0,0,4.47
26.2073,38.8945,4.9991,0,0,2.96
344.9778,-53.5808,3.6915,0,0,1.34
107.3314,37.7574,2.0979,0,0,4.16
38.6296,-28.0982,1.5040,0,0,4.38
352.7111,53.5333,3.8285,0,0,5.95
92.9664,-22.8481,0.5842,0,0,7.38
146.6254,26.3885,0.1082,0,0,5.21
340.2331,88.2619,4.8659,0,0,7.81
36.0249,-16.1835,4.3633,0,0,4.02
274.6688,74.3688,9.7120,0,0,3.14
8.9438,-70.6326,5.5019,0,0,5.07
189.3972,-33.9075,4.5044,0,0,1.95
134.7294,-55.8180,3.9874,0,0,5.14
74.6963,87.2933,0.5952,0,0,4.73
229.7948,77.8694,5.6949,0,0,3.50
158.6835,-38.5207,5.4411,0,0,6.11
51.3583,-36.8618,1.7004,0,0,6.28
186.9597,51.0640,9.7209,0,0,3.27
180.1073,62.1397,0.2888,0,0,4.07
265.0512,55.7838,2.3541,0,0,5.96
264.6360,36.4125,3.1773,0,0,4.59
296.7685,-16.1733,4.8649,0,0,1.46
226.0575,61.3597,7.0575,0,0,6.39
186.5594,34.0064,9.8642,0,0,7.24
4.5187,-23.7382,0.3099,0,0,2.40
193.7874,30.4341,7.8191,0,0,8.85
10.0534,-42.3821,2.2046,0,0,4.77
261.3238,15.0850,4.8030,0,0,4.03
124.2237,-44.0728,2.4481,0,0,4.64
95.8806,-62.1293,6.3346,0,0,7.89
351.3494,-27.0399,1.9288,0,0,8.91
184.7954,-10.2621,5.0568,0,0,3.90
26.2690,1.8593,6.9105,0,0,4.55
270.4781,86.8612,0.2985,0,0,3.12
250.8036,57.3348,5.6933,0,0,3.57
224.0294,22.5739,0.9578,0,0,3.81
77.3535,26.9256,2.5775,0,0,4.45
302.6642,-63.3826,1.7287,0,0,2.21
61.9732,-44.1374,0.1016,0,0,3.57
62.4817,-15.4965,2.6845,0,0,4.71
341.7472,-2.1321,8.0566,0,0,4.36
169.7925,-2.8943,4.4513,0,0,5.48
258.2301,-54.8772,10.0320,0,0,6.71
37.1929,28.0915,0.2347,0,0,5.47
165.7440,-70.6884,1.0609,0,0,5.09
29.5000,-79.4111,1.8282,0,0,3.07
168.9794,44.5952,3.1880,0,0,2.70
236.1576,-75.7447,0.4946,0,0,2.87
84.3575,-9.5926,0.4623,0,0,6.09
314.5195,-2.1742,7.4023,0,0,3.95
265.0012,-5.7714,6.1029,0,0,2.06
333.5420,-39.5365,6.9289,0,0,2.65
41.2328,33.9526,9.0293,0,0,5.41
147.8780,25.1439,9.2143,0,0,1.92
193.0057,70.3569,0.3903,0,0,3.35
104.0186,-15.4881,0.4286,0,0,3.68
239.3741,25.2324,6.6579,0,0,1.69
308.9013,-68.6979,0.1970,0,0,6.93
76.6772,37.1940,9.7282,0,0,2.40
160.8053,-87.1652,1.1715,0,0,3.00
348.6685,-48.3937,3.7577,0,0,2.87
47.1599,77.5555,1.0586,0,0,2.13
41.6885,-62.2188,4.7262,0,0,5.16
209.1458,23.4735,3.2013,0,0,3.31
7.5763,5.3818,6.1072,0,0,8.44
61.9703,1.6895,7.6997,0,0,7.13
134.8068,85.7169,9.7960,0,0,3.67
126.1148,84.9360,0.2887,0,0,7.84
341.3838,-82.9060,9.7855,0,0,2.56
82.2317,-45.1370,2.1652,0,0,7.95
62.7542,24.6448,6.3527,0,0,3.46
53.4325,-34.6947,1.7541,0,0,1.24
317.9987,86.2810,1.5690,0,0,8.52
83.7146,33.4580,1.0284,0,0,6.69
90.4644,3.4228,1.0241,0,0,3.36
93.6765,-46.7332,1.7137,0,0,4.53
130.6436,25.1142,0.8058,0,0,8.55
157.3270,89.2773,2.8106,0,0,8.38
149.9515,-28.2242,0.1801,0,0,4.95
359.7093,62.2808,0.5254,0,0,2.07
275.6705,50.4408,1.2100,0,0,6.54
182.1672,-75.5952,2.6333,0,0,5.08
319.6061,18.7905,1.6873,0,0,6.48
10.9737,78.4047,0.2370,0,0,1.05
309.9285,65.5595,4.3546,0,0,3.00
71.6771,41.4952,0.1004,0,0,3.66
144.1788,-66.2172,4.8110,0,0,1.06
270.2315,-43.5576,4.1860,0,0,4.76
196.0057,56.2202,0.3225,0,0,6.57
14.8346,59.5541,0.4416,0,0,2.62
217.7817,-4.1346,0.1695,0,0,4.78
258.6481,5.0230,1.4053,0,0,4.67
47.2444,-23.7349,4.3126,0,0,7.69
200.7337,-82.4742,2.1725,0,0,4.68
292.4615,-82.2392,1.1480,0,0,8.47
269.4260,15.7050,0.5491,0,0,2.26
241.1235,5.3199,0.3258,0,0,7.81
116.0646,89.3229,1.9504,0,0,5.30
152.0883,64.2440,2.8023,0,0,8.86
217.4747,-38.0267,7.9290,0,0,3.49
70.2180,37.5768,5.6197,0,0,8.77
187.5569,-35.6763,1.0006,0,0,6.80
235.6771,-50.0331,2.9323,0,0,3.49
315.2671,20.2159,0.8405,0,0,2.83
206.3847,-69.1975,3.9384,0,0,4.35
229.7761,88.8988,1.7662,0,0,8.69
146.1959,-21.1225,7.6902,0,0,8.27
21.5296,61.3015,5.7706,0,0,8.27
82.9876,11.1692,3.7286,0,0,5.63
105.9607,-86.7408,3.3473,0,0,6.57
182.3049,55.6272,0.1009,0,0,3.71
338.2488,43.2889,0.2762,0,0,3.88
287.0446,-69.5129,7.7277,0,0,3.31
98.2142,41.6131,6.0659,0,0,8.67
137.7731,9.8473,6.4238,0,0,6.09
298.7318,31.4981,5.8690,0,0,2.52
89.6770,-47.6498,7.0522,0,0,5.23
222.0275,15.4303,1.9034,0,0,6.35
261.1191,35.8079,4.3341,0,0,2.13
4.4597,-40.6733,3.3912,0,0,5.62
47.5018,-54.4975,4.0812,0,0,5.67
127.9206,-49.9077,5.0049,0,0,3.01
76.2650,81.2644,1.6551,0,0,2.71
248.6833,-23.3099,0.2176,0,0,8.60
345.0624,44.3998,1.6637,0,0,1.07
19.4577,-17.1322,9.3816,0,0,2.66
165.9430,-78.2900,2.0164,0,0,5.96
67.8961,-28.6439,8.2121,0,0,6.56
338.6281,70.6962,0.2171,0,0,8.53
289.0886,22.2025,2.0698,0,0,8.65
333.7957,-26.0065,4.8207,0,0,5.11
346.6583,61.7218,1.9275,0,0,7.17
97.5447,34.7307,0.2554,0,0,8.67
18.5526,-72.8282,0.1284,0,0,5.51
28.3172,74.4713,0.1132,0,0,1.28
353.0585,-58.4716,3.2247,0,0,7.81
20.5830,-18.4331,7.5873,0,0,3.47
220.4549,14.8372,6.0206,0,0,8.23
81.0818,0.3259,0.3188,0,0,2.25
146.8996,56.8331,0.1010,0,0,3.40
192.3857,55.3493,0.2581,0,0,1.14
132.7355,-33.5576,1.8921,0,0,8.34
309.9025,54.4854,0.2107,0,0,5.48
289.7227,-22.8605,1.1566,0,0,5.92
90.3807,-2.6894,0.3626,0,0,4.78
314.4056,5.8423,4.0311,0,0,3.98
344.8042,30.0402,3.7584,0,0,7.73
69.1934,-8.6119,0.3872,0,0,1.65
137.1631,-22.6096,0.9706,0,0,2.15
67.4361,-79.1924,6.0211,0,0,6.11
159.4990,-30.9712,0.3944,0,0,1.64
208.9275,63.1116,2.6514,0,0,1.36
41.2963,28.3878,0.4462,0,0,3.61
245.8232,74.9534,1.5060,0,0,3.02
230.6152,-51.8607,8.1463,0,0,4.96
140.3813,69.7740,1.1084,0,0,8.99
56.4258,-86.9342,4.2312,0,0,8.40
352.3008,-54.4925,7.6990,0,0,8.67
294.5419,52.4589,0.1019,0,0,3.78
105.2566,-53.9263,0.7004,0,0,7.21
324.9188,-24.0971,0.5868,0,0,3.45
31.5423,27.2655,8.9668,0,0,6.35
6.8916,-31.0841,0.1872,0,0,5.12
33.7565,10.8858,0.2614,0,0,5.54
67.8248,58.0932,0.3018,0,0,2.89
122.1621,34.6790,0.3563,0,0,2.92
3.9700,-53.1568,0.3051,0,0,3.16
194.1543,-52.2267,0.8987,0,0,2.35
215.1662,-84.9518,6.4846,0,0,3.95
151.0582,-61.0559,0.5642,0,0,1.13
249.9193,-63.8277,3.6257,0,0,8.75
82.0738,-23.0254,0.4654,0,0,4.25
178.3669,52.1817,0.1660,0,0,2.84
152.3557,83.2508,0.6729,0,0,8.25
249.6026,-62.8274,2.2036,0,0,2.32
58.5228,10.9913,4.6446,0,0,4.55
351.6283,34.0301,6.1350,0,0,3.33
267.9669,29.0711,0.6212,0,0,5.78
152.4713,-39.6383,0.6948,0,0,7.45
116.5190,72.9324,1.4660,0,0,3.76
327.3287,8.1376,3.2748,0,0,3.15
46.9257,68.2552,1.9981,0,0,1.12
341.2705,-5.7543,1.6985,0,0,2.82
330.7334,3.0757,1.6787,0,0,9.00
49.1240,24.3250,0.3652,0,0,4.25
240.0845,75.5648,4.5783,0,0,1.79
232.5191,-14.2333,7.4120,0,0,3.46
207.8185,-85.4999,1.2159,0,0,6.77
291.8957,-62.3524,4.5566,0,0,4.48
199.8221,21.9308,0.1161,0,0,7.25
157.9465,50.9294,4.0847,0,0,3.60
273.8204,9.9304,2.3223,0,0,1.06
45.8467,-6.5474,6.4714,0,0,2.18
199.6620,53.3958,3.8486,0,0,2.45
304.5871,46.6939,0.1647,0,0,5.57
206.4344,67.8522,0.4510,0,0,4.58
52.2066,18.8607,9.5399,0,0,1.76
92.3290,49.0829,0.2472,0,0,2.98
186.6662,7.1762,3.4610,0,0,5.78
263.3032,-10.2658,0.7614,0,0,5.30
97.1782,17.5938,5.9724,0,0,3.10
9.2198,-80.4156,2.0358,0,0,4.16
181.5755,72.7763,4.5477,0,0,5.93
235.1403,71.1511,0.2501,0,0,4.65
285.4006,27.4640,8.2194,0,0,1.78
359.8551,-80.6864,1.5768,0,0,6.25
354.1815,2.2586,0.1175,0,0,6.77
173.2207,62.3498,0.1115,0,0,7.55
171.9093,66.5353,7.9003,0,0,2.84
292.7810,-70.1788,3.8955,0,0,7.20
103.6038,-10.3164,6.1273,0,0,5.58
318.1972,47.6139,1.0488,0,0,8.90
157.6265,-34.0368,8.1739,0,0,5.05
293.9212,10.8965,2.2901,0,0,6.91
42.3573,-71.8766,9.0851,0,0,5.93
39.7180,23.6070,1.6529,0,0,4.84
98.2293,33.9005,5.5195,0,0,7.30
11.0345,-80.4542,0.3565,0,0,7.30
18.8109,-1.7049,0.2933,0,0,6.73
272.3515,52.0317,10.0191,0,0,5.54
351.8419,-52.2638,9.8497,0,0,1.47
5.9610,-40.5362,1.2597,0,0,2.51
296.7335,-80.7901,8.3644,0,0,6.24
133.1772,82.3532,2.5360,0,0,2.51
327.0642,-54.4536,0.5788,0,0,2.56
38.1348,-13.1716,0.9143,0,0,3.78
229.6122,67.0397,1.2163,0,0,5.90
213.1761,17.1475,6.7336,0,0,8.66
166.8372,61.8601,8.0066,0,0,1.37
51.7383,-79.6460,6.0867,0,0,7.25
191.6989,-73.7702,3.1241,0,0,2.25
263.6253,84.1312,1.3844,0,0,8.25
116.8243,67.3259,2.1546,0,0,5.21
251.5398,41.3422,0.1634,0,0,8.62
246.1826,-62.3902,0.1066,0,0,6.74
209.5274,3.6035,1.3292,0,0,4.51
206.8162,-76.5994,0.1039,0,0,5.38
18.1355,-67.6623,3.4563,0,0,1.64
18.3770,65.8742,8.3093,0,0,6.44
13.7807,55.5837,4.9665,0,0,7.17
357.7846,-42.3151,0.9118,0,0,7.57
300.6026,-2.9783,4.2884,0,0,3.60
275.7660,-82.5003,3.5965,0,0,5.90
23.7291,-23.3441,4.7682,0,0,2.73
230.8804,35.8929,0.5453,0,0,1.07
279.7550,72.4482,0.1357,0,0,8.84
328.3583,83.1635,3.1675,0,0,4.83
246.4211,28.1008,9.3401,0,0,7.29
217.5185,-57.4768,0.4211,0,0,4.39
163.1151,22.5591,7.1666,0,0,4.89
9.8981,59.1137,1.7928,0,0,3.88
295.4054,-16.6467,0.7166,0,0,3.36
201.8109,21.3263,2.5850,0,0,7.40
147.6311,81.3078,0.1718,0,0,3.95
175.9971,-22.8586,5.9121,0,0,7.88
215.3265,-66.1636,0.1591,0,0,7.83
295.0801,-57.9935,0.9882,0,0,1.43
73.5562,85.1043,0.1743,0,0,7.67
58.1800,10.5376,9.7381,0,0,6.90
286.1751,37.6224,0.5459,0,0,3.72
213.9505,71.4296,0.1310,0,0,3.29
69.4522,86.9729,10.0270,0,0,7.18
242.6226,-55.0395,7.6131,0,0,1.05
122.8116,-61.4120,0.1125,0,0,7.80
69.5884,-71.4427,0.3901,0,0,1.86
269.1653,-89.1868,2.0762,0,0,2.81
335.4311,-57.3859,3.1786,0,0,3.30
227.9501,-55.6303,3.2870,0,0,7.51
122.2837,4.6329,0.9719,0,0,5.95
202.2189,-64.2034,1.6545,0,0,1.45
61.4644,41.1653,0.2717,0,0,2.11
254.0449,-88.7395,4.0634,0,0,5.00
112.2520,-58.1209,1.1103,0,0,5.72
146.8367,-45.1580,5.5734,0,0,1.60
96.2616,17.2773,2.9060,0,0,4.48
76.7102,20.0307,6.5055,0,0,7.88
212.8125,46.0350,8.2032,0,0,3.04
109.6894,-50.3287,5.2351,0,0,1.68
335.6906,-60.8996,2.4602,0,0,7.08
347.8808,-8.9335,5.8568,0,0,2.18
119.1049,80.2197,0.1473,0,0,2.15
254.7206,-13.3597,2.1858,0,0,3.88
301.0920,-50.8593,0.2692,0,0,5.15
129.0779,21.8373,0.1487,0,0,1.81
246.4010,48.3485,0.1400,0,0,7.25
215.5050,-14.6308,7.7113,0,0,8.34
107.6927,-48.9449,0.1026,0,0,2.32
116.2125,-54.5121,0.1381,0,0,3.40
121.3924,46.8342,1.9940,0,0,2.93
324.2691,-48.0519,3.3703,0,0,3.80
175.4536,-60.0920,3.2560,0,0,2.10
318.1139,43.4101,9.5027,0,0,8.08
330.4859,87.5509,8.9696,0,0,1.88
336.4681,-7.9432,7.9907,0,0,4.67
191.5238,-47.0084,0.4356,0,0,3.53
275.0671,-83.5900,0.6082,0,0,2.46
336.0307,73.4773,2.7644,0,0,1.02
186.0831,35.8564,1.9637,0,0,5.29
91.1621,25.0171,1.2928,0,0,6.19
62.5461,-66.4971,1.5038,0,0,6.29
34.6818,41.7695,0.3149,0,0,6.77
213.7862,4.7646,0.3622,0,0,4.06
84.1495,-40.2845,6.5258,0,0,1.82
239.8865,-26.1202,3.1720,0,0,5.13
265.6268,80.8941,8.4128,0,0,7.91
230.7160,25.4240,0.5589,0,0,5.64
275.2787,40.3591,0.4248,0,0,2.86
182.1016,56.4633,7.9545,0,0,8.04
136.3328,-63.3377,1.6961,0,0,1.86
333.9151,83.2863,0.5714,0,0,1.08
285.6277,-51.8430,2.4654,0,0,8.45
207.4761,-50.4657,0.1318,0,0,3.46
248.3247,61.5175,3.5723,0,0,6.21
132.3850,74.2300,0.1970,0,0,1.44
210.6090,-32.8102,2.8364,0,0,6.44
139.4654,36.1083,0.2747,0,0,5.27
85.1759,-46.0852,2.9088,0,0,5.54
340.1855,56.7693,3.7705,0,0,8.60
154.1532,-69.3303,2.2201,0,0,5.54
73.2163,63.2532,1.6762,0,0,8.33
224.4930,48.2710,3.2809,0,0,6.22
83.9720,38.4713,1.4882,0,0,4.03
130.9800,-65.8671,0.5339,0,0,8.40
292.4152,-89.4337,2.3171,0,0,1.43
352.1785,-24.4744,1.6065,0,0,6.87
77.5201,-78.0260,2.4737,0,0,1.99
297.0824,80.3971,7.8648,0,0,5.82
153.0187,-40.7143,1.7994,0,0,7.75
147.7155,-3.1686,7.4538,0,0,1.93
244.4667,-72.6630,1.5437,0,0,3.11
321.1092,63.6210,2.8883,0,0,4.14
278.5456,51.3570,0.1145,0,0,4.81
141.8307,32.6178,0.8557,0,0,5.91
288.6031,-88.0225,5.0052,0,0,3.04
86.9560,-31.7928,9.9331,0,0,4.95
142.6253,-82.2141,3.2253,0,0,2.11
330.9224,-65.5112,1.2565,0,0,6.45
351.6146,-65.0109,1.0118,0,0,3.73
226.5416,-33.5350,5.1399,0,0,2.40
61.8978,-47.6455,1.9586,0,0,5.39
322.9493,73.2992,0.4712,0,0,6.25
306.9818,-45.2981,0.4976,0,0,1.49
36.1820,47.2611,1.9513,0,0,2.90
323.6456,16.2429,6.3119,0,0,3.65
337.4742,52.3968,7.7089,0,0,8.84
155.3227,-81.7562,0.1005,0,0,8.49
300.0122,-63.9481,0.1189,0,0,7.06
257.3019,-45.5350,2.8420,0,0,4.03
262.1125,70.6431,0.3728,0,0,3.62
318.7995,-1.7591,7.6120,0,0,8.59
222.6932,9.0545,0.9958,0,0,5.62
350.6948,74.1288,3.4499,0,0,5.72
207.5418,28.6471,3.6074,0,0,6.42
4.2396,-73.6502,4.6100,0,0,8.88
316.2495,85.7744,9.9793,0,0,4.64
313.5123,52.3313,9.2697,0,0,5.65
351.5348,55.3826,7.0447,0,0,5.89
67.9292,55.2271,0.1289,0,0,6.66
146.3831,-27.6404,2.1446,0,0,4.78
169.7367,16.3879,9.0698,0,0,5.61
287.2468,83.8272,0.7593,0,0,3.00
192.4006,42.3250,0.4769,0,0,5.28
33.7384,53.2670,1.0371,0,0,8.06
295.4974,21.4551,5.2372,0,0,3.23
212.6309,35.0528,9.2388,0,0,5.03
128.5079,-50.6941,0.2801,0,0,8.04
155.7239,31.8689,5.0848,0,0,2.53
269.7778,-65.0107,0.1640,0,0,4.50
95.0741,8.6645,9.3310,0,0,4.86
146.1503,13.1211,7.6009,0,0,7.28
75.5262,-74.6640,8.7463,0,0,2.30
167.4537,-24.1795,0.1453,0,0,5.83
326.1653,54.8988,6.0890,0,0,3.37
82.7214,2.0273,10.0421,0,0,4.73
236.8031,70.5730,1.9190,0,0,5.60
167.9768,59.6360,5.2080,0,0,2.00
269.8203,65.2962,1.7525,0,0,7.36
141.3678,75.5800,5.6003,0,0,4.10
285.3067,53.1241,3.1484,0,0,1.18
184.2038,41.5985,8.5797,0,0,4.20
296.3048,-3.9828,0.8594,0,0,4.30
175.7797,-25.7920,0.4010,0,0,1.70
229.2370,74.6231,4.5282,0,0,4.63
151.3876,19.4568,2.9272,0,0,7.22
32.1037,11.7330,2.5289,0,0,7.70
82.4977,-89.7403,7.2640,0,0,7.22
242.4711,70.3195,1.3605,0,0,8.00
84.7581,-86.9842,2.1687,0,0,7.43
143.6158,-72.2668,2.8611,0,0,2.41
36.8579,74.9136,0.2991,0,0,2.56
242.9616,61.1295,7.0961,0,0,6.40
343.9732,0.2936,7.6458,0,0,7.87
243.1729,-29.0581,0.3834,0,0,7.51
150.3372,-89.8892,8.9943,0,0,5.14
32.6973,-20.7383,0.9086,0,0,7.27
114.6250,60.5177,0.1320,0,0,2.09
26.7529,56.7102,8.6507,0,0,8.36
76.2140,-53.0188,1.3450,0,0,7.23
182.0624,-76.4473,0.6024,0,0,4.41
250.9683,9.7336,3.4786,0,0,1.40
266.7703,78.5270,4.7816,0,0,5.44
301.7196,53.1405,1.1709,0,0,7.01
343.8023,-78.0555,9.2132,0,0,1.86
193.1000,53.6358,7.5057,0,0,8.52
94.7667,-25.2349,0.4742,0,0,5.99
312.1621,87.9085,4.3433,0,0,5.01
76.4297,-23.2823,5.8326,0,0,6.48
349.7136,-76.3819,5.5794,0,0,1.40
173.0172,-6.0987,7.7296,0,0,5.45
246.8287,20.3379,3.4120,0,0,3.44
7.9442,-86.4910,1.6544,0,0,3.47
279.5438,-50.5355,4.7816,0,0,1.48
321.9443,82.1713,5.4501,0,0,8.57
128.7206,-60.6338,5.1142,0,0,1.75
182.2662,74.3727,0.1009,0,0,7.75
78.2414,-64.2662,2.5899,0,0,3.92
304.4120,4.6888,0.8292,0,0,4.75
54.1631,-51.3270,0.7506,0,0,7.43
352.0024,25.5937,9.8909,0,0,8.49
268.9513,51.9515,1.8246,0,0,8.71
180.4525,-20.1765,1.6494,0,0,6.75
195.3504,48.1653,0.2019,0,0,3.32
235.7995,44.5800,3.1852,0,0,7.39
188.2206,84.8626,0.6223,0,0,1.63
78.0909,-33.0030,4.6399,0,0,8.75
158.5476,30.6191,1.9384,0,0,8.80
63.1654,-46.6536,7.9459,0,0,7.84
358.5932,-85.7397,9.3690,0,0,6.02
302.1713,49.4888,1.5334,0,0,2.17
105.4224,24.8974,2.5047,0,0,5.12
250.3922,-43.5925,3.2961,0,0,8.20
162.4286,22.1313,9.6531,0,0,2.96
176.0735,-25.5116,1.4496,0,0,3.50
79.2074,-27.3067,1.0414,0,0,3.87
241.2249,60.2665,2.5441,0,0,7.48
94.6780,-87.7368,0.4482,0,0,3.91
125.1746,33.2127,0.6980,0,0,4.86
3.1085,73.4120,0.5813,0,0,3.61
209.1058,13.5292,1.7075,0,0,3.55
95.3986,-35.8722,8.0696,0,0,2.97
138.8539,14.1298,1.1663,0,0,8.58
209.7782,-70.7102,8.0077,0,0,5.08
141.7449,-83.2362,0.7048,0,0,4.45
251.0984,-1.9147,6.6379,0,0,3.60
41.2957,72.5127,1.0583,0,0,1.84
60.7170,74.3646,6.1530,0,0,2.58
114.8626,-22.9023,0.4110,0,0,7.53
5.6001,74.5679,0.7466,0,0,8.84
350.3267,72.4632,0.3967,0,0,3.26
83.8358,84.3830,0.6414,0,0,4.51
85.2780,75.8211,7.7331,0,0,2.55
235.6207,12.8922,4.7360,0,0,1.72
166.5989,-22.8386,0.1297,0,0,6.07
349.5121,57.2215,0.2573,0,0,3.96
317.0125,8.5997,0.4088,0,0,6.98
0.7841,-48.8992,0.5193,0,0,7.05
170.4579,-5.4360,1.5844,0,0,2.24
283.9933,-8.5072,8.3168,0,0,3.22
204.5156,-37.0115,0.9864,0,0,1.91
134.6970,-81.9629,2.4358,0,0,6.28
334.7290,-6.8723,7.3241,0,0,4.55
47.9863,-59.4257,3.9752,0,0,6.87
295.6744,9.9405,5.8928,0,0,8.93
231.0324,56.0205,3.4566,0,0,3.28
176.7234,-68.9389,3.0140,0,0,3.72
118.1262,41.5499,3.1606,0,0,1.94
20.7880,-77.8322,4.7087,0,0,2.72
314.4398,-63.7957,6.4172,0,0,2.65
123.5670,60.4404,5.7444,0,0,4.48
9.9250,46.2019,1.1322,0,0,4.88
270.1348,82.4288,2.3670,0,0,5.48
15.8323,51.1730,0.1103,0,0,4.83
351.9639,-76.3973,0.1384,0,0,3.23
111.4409,20.6386,10.0393,0,0,3.88
245.6977,12.3780,4.3396,0,0,1.32
234.7379,64.7358,9.5333,0,0,2.37
243.0645,-42.9328,0.1003,0,0,1.78
195.7390,59.5171,8.7813,0,0,6.32
143.4531,-76.6243,6.6107,0,0,7.86
45.8739,-88.1423,8.6274,0,0,5.75
22.1720,76.7974,1.9114,0,0,4.77
235.4892,58.5114,0.4735,0,0,2.02
11.8442,24.8993,3.3683,0,0,7.85
357.0919,-39.3972,0.2064,0,0,7.45
321.7354,85.6101,9.6652,0,0,4.97
257.2130,-51.4584,0.4221,0,0,5.41
109.6846,-29.8667,1.3953,0,0,1.85
356.9238,-10.3320,0.2566,0,0,8.91
297.5862,29.1328,0.7312,0,0,4.74
328.2340,22.0848,0.1319,0,0,8.86
110.3195,-47.3881,1.0359,0,0,7.04
225.8166,18.6395,0.4592,0,0,3.70
132.0267,81.7872,4.4458,0,0,7.74
91.6907,-5.3906,8.6142,0,0,2.79
117.6393,-73.6154,7.8204,0,0,6.36
49.3974,-54.1396,4.4833,0,0,7.16
270.5503,-86.7413,7.1570,0,0,3.66
101.7183,14.2409,9.6707,0,0,3.08
249.9116,-64.1279,4.9919,0,0,5.83
350.9905,57.0919,0.2967,0,0,4.54
139.4540,-49.5024,1.7777,0,0,5.49
116.1505,-40.7468,2.7291,0,0,7.17
332.9186,62.6201,3.0302,0,0,4.70
250.7404,-43.2136,6.3522,0,0,2.82
142.1563,19.2933,4.3459,0,0,3.47
135.6746,1.4258,1.9378,0,0,3.74
202.9357,74.6624,0.3029,0,0,1.93
247.5909,35.0927,0.2222,0,0,4.66
305.1061,-8.1173,7.9584,0,0,6.30
214.2318,-38.5882,9.9625,0,0,2.96
178.6043,84.5988,0.5857,0,0,8.30
306.9689,-18.9766,0.1611,0,0,2.00
249.2828,30.8132,9.3561,0,0,7.96
69.8879,-22.4244,1.2131,0,0,2.85
105.3732,20.9472,0.6511,0,0,2.83
321.3171,64.8275,4.0828,0,0,8.90
269.1395,-38.8314,0.8628,0,0,1.34
97.6485,-40.1702,6.6530,0,0,1.05
177.3837,-6.3820,1.4754,0,0,3.51
120.3323,-31.0046,0.1486,0,0,1.73
275.6827,-41.2379,1.0434,0,0,2.30
12.3179,46.4445,4.9972,0,0,4.84
314.8414,-4.1134,8.4208,0,0,7.24
136.9322,-1.5121,7.5671,0,0,6.05
160.1782,-64.8653,1.9264,0,0,2.94
5.3822,-53.6060,2.2365,0,0,1.24
254.9174,88.7470,4.1062,0,0,1.85
269.8529,82.7298,6.2661,0,0,8.42
154.5016,34.6688,6.7054,0,0,3.56
302.4952,43.7115,0.1765,0,0,7.68
225.4580,7.8808,8.7634,0,0,6.52
102.5323,-89.5931,6.2121,0,0,1.03
180.6433,62.6397,0.1232,0,0,5.29
202.2824,9.6105,0.8832,0,0,1.65
73.4858,47.5983,7.0755,0,0,4.73
274.8658,66.0420,1.3968,0,0,6.87
164.4926,88.9367,0.1307,0,0,7.18
57.9334,-57.5336,0.6825,0,0,5.76
354.2505,-40.3737,0.6469,0,0,8.71
206.4621,46.0497,3.5032,0,0,5.31
298.7349,13.6052,5.3504,0,0,2.97
327.1985,-75.7466,5.0864,0,0,7.12
306.3796,-61.1936,5.5601,0,0,2.38
353.9659,60.9447,1.1661,0,0,1.53
218.4486,-8.9144,0.1011,0,0,2.19
264.0423,-82.3280,1.2111,0,0,3.68
67.0486,-16.1680,6.4567,0,0,1.98
120.2104,-45.6636,5.8389,0,0,4.42
228.8969,11.9987,7.7623,0,0,1.89
117.7676,-55.9322,0.1185,0,0,3.07
348.9332,46.3948,0.1072,0,0,5.89
48.8413,-45.6860,0.5355,0,0,2.74
341.8893,49.0408,4.0063,0,0,4.62
100.4816,60.3338,3.6614,0,0,1.25
14.0586,41.6895,1.0692,0,0,3.88
287.3468,50.5205,7.1400,0,0,8.82
16.6112,-42.6216,0.3869,0,0,4.24
156.2873,37.9910,9.9042,0,0,5.23
206.4874,-11.4503,0.3061,0,0,4.65
60.1171,-65.1101,1.8913,0,0,7.89
192.9056,-75.4388,0.1339,0,0,6.72
300.0433,56.3478,8.9167,0,0,8.11
48.0982,13.7580,7.6670,0,0,5.62
276.6086,-13.6522,1.8103,0,0,5.51
351.8548,-89.8356,4.8697,0,0,1.05
60.1353,17.1165,1.9693,0,0,1.34
149.4813,-76.2154,1.3377,0,0,4.83
290.2161,37.5816,4.6862,0,0,3.53
191.2588,23.9073,6.1637,0,0,8.13
225.6629,-72.3983,0.5055,0,0,3.51
44.3989,32.7211,8.4007,0,0,7.33
304.0705,-3.0819,1.5877,0,0,5.39
166.6750,53.0524,2.6945,0,0,3.81
265.2112,52.8219,0.1153,0,0,2.09
280.2096,-15.2481,6.0206,0,0,4.37
343.0236,42.9109,0.2473,0,0,6.77
302.7021,-29.3432,7.9183,0,0,3.87
62.6086,43.9011,2.2235,0,0,5.02
242.4046,-27.8679,6.7299,0,0,2.69
139.9231,58.1002,3.7045,0,0,2.20
243.9983,-60.9281,0.1624,0,0,5.36
118.7316,-81.0058,0.1180,0,0,5.93
186.8842,-85.3753,2.4564,0,0,2.53
280.7720,-39.4678,7.9772,0,0,6.81
268.6974,-39.7824,2.1895,0,0,8.87
11.9353,84.7300,0.3049,0,0,6.52
322.3732,-72.8527,0.3786,0,0,1.17
144.2208,81.2488,8.2091,0,0,1.07
115.1412,-52.9391,0.2440,0,0,7.29
76.6055,-62.7946,9.2321,0,0,5.48
321.4609,44.1426,0.9385,0,0,7.90
136.1475,20.4788,0.6239,0,0,1.64
142.5034,-62.4767,0.8151,0,0,1.13
52.3182,87.2087,6.0028,0,0,7.47
106.1763,29.5244,0.1022,0,0,4.33
143.5018,-82.7672,3.9337,0,0,3.25
165.2368,-61.7972,8.7310,0,0,7.51
28.1748,41.8832,0.4221,0,0,3.55
259.0723,28.4354,6.6912,0,0,7.29
45.4986,-47.0165,3.8396,0,0,7.72
28.8301,14.6208,6.5562,0,0,8.32
284.5603,75.9692,1.0186,0,0,5.20
122.2127,70.9376,1.4467,0,0,5.80
195.5609,-63.3866,6.9418,0,0,5.01
10.0749,-22.8739,5.0501,0,0,2.34
319.6426,58.1630,2.6353,0,0,4.24
267.9611,-59.2502,6.9108,0,0,2.42
208.1885,-16.5884,6.3202,0,0,5.87
252.7844,-33.0939,4.2545,0,0,5.41
325.2377,66.6732,2.1085,0,0,1.61
82.5541,-54.0218,0.6503,0,0,5.10
205.2490,-13.0943,8.0348,0,0,2.25
116.2380,-18.7843,0.4564,0,0,8.91
288.2646,25.1346,6.3918,0,0,1.20
24.1466,6.2538,1.2529,0,0,1.78
20.7646,-17.1517,0.1229,0,0,6.69
233.1944,18.0237,1.1312,0,0,3.55
338.9326,-27.1361,0.2394,0,0,2.76
358.8113,64.0230,0.3793,0,0,3.91
102.0103,-48.5624,5.6562,0,0,5.59
284.7147,-10.5776,7.0491,0,0,7.06
234.5678,57.0701,2.2355,0,0,4.83
99.2187,-47.2591,0.2570,0,0,4.81
289.1879,-55.7969,8.7122,0,0,1.59
200.6023,45.0061,8.2210,0,0,8.27
242.4937,76.2809,1.1260,0,0,8.78
303.6335,-72.3831,7.9551,0,0,4.81
192.7852,51.0770,0.8414,0,0,3.58
338.7733,-25.5470,8.1424,0,0,3.96
27.9115,-36.3943,2.4147,0,0,6.88
151.8386,-74.4767,0.4318,0,0,3.85
76.2280,36.8649,1.3475,0,0,8.73
141.5991,66.8780,1.3544,0,0,3.58
318.4273,-82.3824,9.0443,0,0,1.32
53.6012,-74.8669,0.6225,0,0,3.02
79.5995,87.3184,3.6547,0,0,4.20
129.2531,69.2113,9.7768,0,0,5.47
80.2221,17.0182,5.2623,0,0,8.97
151.8463,-14.2017,6.8995,0,0,8.76
316.8743,-22.3339,6.2746,0,0,2.28
299.8497,-78.4788,0.9034,0,0,4.32
103.1298,-41.8432,7.6370,0,0,3.60
41.1921,55.0104,0.1002,0,0,2.39
194.2210,-9.4679,0.6905,0,0,6.36
308.3020,54.3711,1.5198,0,0,2.53
309.0184,-60.7929,4.5329,0,0,2.31
137.5185,32.1044,9.4164,0,0,8.05
123.5947,-68.0753,5.4232,0,0,5.76
137.5456,60.3813,9.7831,0,0,8.10
177.8604,-88.0135,0.8044,0,0,1.94
288.5359,70.9153,4.9912,0,0,8.40
232.8724,-55.9785,0.1333,0,0,2.23
64.6286,78.1259,7.4523,0,0,2.90
322.4695,44.5618,0.7877,0,0,8.58
31.0590,-16.0036,0.6989,0,0,6.36
10.4700,59.1688,4.6515,0,0,5.45
29.7196,7.5269,4.2644,0,0,4.99
222.5215,-31.1105,7.1590,0,0,2.36
226.1341,53.0884,5.4895,0,0,2.40
204.4521,34.0420,8.1143,0,0,7.89
68.1656,-43.6624,0.1533,0,0,3.78
87.7050,-12.1759,2.4809,0,0,5.07
102.1580,71.5416,5.0149,0,0,1.12
264.6717,-7.8294,3.1143,0,0,2.99
74.9108,50.4003,5.2876,0,0,6.44
227.6831,-55.0569,1.2294,0,0,6.56
316.1730,53.3808,7.3135,0,0,2.68
335.0204,-78.6340,0.2765,0,0,1.65
118.1885,-28.7509,5.5176,0,0,7.42
189.6222,48.9147,4.5695,0,0,4.64
283.9883,-53.6275,1.2007,0,0,4.27
241.7537,-0.4829,1.0255,0,0,1.65
357.1229,-34.9142,0.5902,0,0,2.45
85.9551,-52.9662,8.8652,0,0,8.03
175.8110,-15.3014,6.4405,0,0,4.58
107.7685,-75.5738,0.2117,0,0,3.88
205.0908,-11.0679,0.1390,0,0,4.63
93.5936,-16.5502,7.7516,0,0,3.88
330.6857,11.1692,7.4754,0,0,8.82
168.8537,-39.3285,0.1838,0,0,8.37
117.2687,-73.3864,0.2556,0,0,1.36
258.2062,-27.3388,1.6171,0,0,1.63
17.0287,-40.0301,6.6511,0,0,4.42
82.7859,48.9693,6.7552,0,0,1.35
232.8046,55.6173,2.2380,0,0,8.00
352.2392,-65.0896,1.4712,0,0,3.25
298.9219,79.6430,8.3289,0,0,2.49
41.9024,-52.8571,0.4187,0,0,8.56
156.9553,1.2078,7.8941,0,0,8.18
350.4181,-40.5756,0.4305,0,0,2.22
126.0495,-80.0637,9.4045,0,0,7.57
346.6914,38.6045,0.1011,0,0,6.01
33.6898,-31.6702,5.9753,0,0,2.33
66.5819,-73.3383,6.4724,0,0,8.10
45.3207,42.3103,4.7770,0,0,3.60
230.9199,-71.3868,1.2237,0,0,4.53
308.5217,-71.1400,0.1037,0,0,3.81
129.7341,-47.8455,0.1165,0,0,8.48
97.5921,22.1796,5.3224,0,0,4.70
235.1480,-64.7537,7.5436,0,0,5.93
141.1576,50.2538,5.8493,0,0,6.23
218.1829,57.4605,0.7007,0,0,6.17
268.6857,58.0646,0.3916,0,0,7.96
271.5060,-38.7605,2.6262,0,0,8.73
48.7088,-2.8843,7.1563,0,0,8.28
193.3308,88.8727,0.9594,0,0,4.36
75.5078,56.1430,6.1279,0,0,3.97
51.4541,1.4498,1.5388,0,0,3.81
351.7666,-6.8163,4.4810,0,0,2.01
9.9768,69.1581,0.2951,0,0,2.87
282.8255,7.7733,2.6668,0,0,1.66
260.0555,13.5857,0.2939,0,0,1.91
160.1035,-70.2099,2.6884,0,0,1.49
277.1418,-76.5405,2.0813,0,0,5.44
351.0359,37.3649,0.1063,0,0,1.84
130.5621,68.7263,2.3680,0,0,6.59
58.9830,63.7140,8.2447,0,0,8.87
332.9565,-81.0958,0.5575,0,0,2.57
261.7265,-84.4758,1.7465,0,0,2.10
66.8722,-22.8958,3.8396,0,0,4.21
335.3299,32.4472,1.4744,0,0,3.75
219.1021,-17.3607,9.2670,0,0,3.62
47.4089,7.4810,0.2679,0,0,5.64
133.7293,10.4132,3.9558,0,0,6.18
25.6930,29.9210,0.8331,0,0,8.00
270.5250,39.0861,0.2058,0,0,4.56
295.5148,8.6227,4.9937,0,0,1.80
59.8204,38.9812,9.6613,0,0,5.62
277.2443,64.4400,2.3901,0,0,8.45
332.8963,88.8564,0.3427,0,0,4.84
8.4900,-80.3087,0.2110,0,0,8.53
271.3658,68.3608,1.0428,0,0,6.37
129.7786,-44.9685,0.9447,0,0,1.30
270.0698,-21.5728,2.9895,0,0,3.75
100.3082,84.6270,0.6710,0,0,1.09
302.3083,82.2849,1.7897,0,0,4.67
61.7937,37.4988,3.2751,0,0,1.37
242.8594,70.5080,0.4706,0,0,5.97
159.1734,62.0903,0.1044,0,0,1.50
160.2287,-61.5989,0.1204,0,0,2.43
56.5374,-79.5691,0.5152,0,0,4.86
202.4136,-45.3879,5.0781,0,0,5.81
340.8490,-5.4471,4.0984,0,0,1.82
219.9553,28.6709,6.2757,0,0,5.72
272.7436,61.5291,0.2477,0,0,6.48
178.5724,21.6720,1.4565,0,0,4.28
234.0581,5.5040,1.5563,0,0,6.47
287.8726,-58.3580,1.1420,0,0,2.83
199.7851,3.4042,0.1520,0,0,2.99
244.5062,-80.1353,2.7657,0,0,5.27
319.7221,12.3944,0.8751,0,0,1.78
220.0940,-80.1839,1.3989,0,0,6.24
132.5682,-50.0763,4.1863,0,0,8.55
224.5356,84.2138,0.2561,0,0,5.35
216.7551,89.2042,2.4883,0,0,5.83
188.8690,-15.7143,7.5460,0,0,3.03
259.6691,50.1610,5.1106,0,0,3.92
66.4460,-66.8333,8.8629,0,0,1.33
123.7138,-57.6425,3.9310,0,0,4.72
130.5240,47.7769,1.1887,0,0,6.58
67.3232,10.0231,5.5753,0,0,1.30
281.2225,-55.9795,9.3930,0,0,2.37
87.3734,-53.4270,0.3497,0,0,8.12
136.0164,-54.5885,0.1649,0,0,5.12
102.0323,58.4022,5.8166,0,0,3.55
88.8756,35.2454,5.6587,0,0,7.75
69.4579,-40.1784,0.1889,0,0,4.61
37.0091,-48.6643,2.6275,0,0,2.19
257.4003,-54.1308,0.1869,0,0,6.74
144.3115,-7.9407,5.6248,0,0,2.19
64.6682,-20.5199,1.8534,0,0,2.77
163.3344,-17.3539,0.4690,0,0,8.58
236.4229,12.7831,7.2190,0,0,4.48
267.3247,8.3304,7.6544,0,0,4.55
349.6699,0.1327,9.2512,0,0,1.26
270.1759,-15.8034,1.1294,0,0,6.25
226.8896,-6.9976,2.2004,0,0,3.01
63.1516,-23.8269,2.0307,0,0,6.01
91.1419,-43.7178,0.4098,0,0,3.51
218.8378,-44.4711,5.4404,0,0,5.60
320.1585,68.0388,3.8742,0,0,3.63
132.8131,-67.3421,0.6609,0,0,1.22
327.6527,-45.8041,2.0784,0,0,5.86
291.2696,-17.8981,1.0070,0,0,6.23
277.8500,-40.8721,0.7180,0,0,1.25
67.4581,-82.0650,1.9765,0,0,4.35
93.0741,85.1739,0.1293,0,0,4.23
334.0059,41.3461,7.0923,0,0,7.64
243.3361,-69.4988,3.2183,0,0,4.82
68.3005,44.2299,0.1048,0,0,2.73
231.1575,0.0002,1.2392,0,0,5.11
315.3876,40.3752,7.5825,0,0,5.91
280.4057,-19.1865,7.9394,0,0,1.27
222.9169,27.5401,6.9745,0,0,1.60
146.4534,14.6832,1.9480,0,0,1.38
127.8367,32.0538,6.6934,0,0,5.24
156.2193,8.6797,5.1643,0,0,8.30
126.4985,-77.0526,0.9817,0,0,5.35
352.1123,-10.2042,5.0102,0,0,8.72
52.9700,1.5613,4.1268,0,0,1.18
70.2168,-59.8144,0.1736,0,0,5.98
73.1990,6.6902,6.6267,0,0,6.79
104.6970,-81.1876,0.4751,0,0,4.81
152.5400,11.2408,8.9334,0,0,5.23
36.5766,-59.8034,5.0063,0,0,8.17
193.5394,-54.7433,7.2034,0,0,8.84
188.0675,86.7134,10.0277,0,0,3.77
160.2503,-65.2143,1.1855,0,0,2.79
176.8431,28.6978,1.4887,0,0,2.02
148.5053,53.8694,5.9194,0,0,3.33
206.4838,86.0524,0.6832,0,0,1.43
118.4341,-46.2290,8.2164,0,0,6.56
273.0913,-57.9287,5.5721,0,0,3.88
51.3516,15.3069,3.6601,0,0,2.41
90.5584,19.6266,1.3139,0,0,3.56
95.8313,7.6277,9.6887,0,0,2.76
220.2048,-20.4318,8.1204,0,0,3.40
137.2246,-6.0174,1.5978,0,0,6.88
271.2415,-45.2592,2.2177,0,0,1.93
105.6364,-65.8328,6.2840,0,0,5.00
326.3498,-24.8643,2.3950,0,0,1.03
160.1359,-13.5036,1.1861,0,0,1.43
253.2126,35.6146,4.3256,0,0,1.09
26.3522,34.3729,0.1302,0,0,4.93
203.6730,33.4323,3.2663,0,0,4.74
88.8593,22.0828,0.3190,0,0,4.95
173.3735,0.9096,7.4388,0,0,5.83
165.5691,4.9947,4.0052,0,0,5.08
0.6641,54.6544,0.1115,0,0,8.29
255.8410,22.4936,3.7083,0,0,3.57
148.7128,86.3864,8.9343,0,0,8.07
263.1776,-57.7748,2.4409,0,0,2.97
271.0803,-51.4783,0.1417,0,0,4.35
117.3493,49.9167,0.3161,0,0,4.65
286.9341,-6.6104,5.3476,0,0,1.02
350.3025,29.1389,2.6762,0,0,4.89
41.5496,15.0973,0.1077,0,0,7.50
254.1942,-86.0798,3.0324,0,0,7.80
1.4139,24.7466,1.4711,0,0,5.62
219.2775,53.2341,10.0700,0,0,3.02
170.3898,-15.1225,2.6568,0,0,1.39
253.9684,-15.4534,0.5405,0,0,8.58
52.0860,50.4423,0.1999,0,0,6.13
235.1147,64.3177,0.8286,0,0,3.15
240.1043,75.8134,0.5929,0,0,1.81
139.9618,-27.1911,2.5294,0,0,7.10
148.1553,-47.0758,2.6170,0,0,7.97
126.3026,-26.2034,3.4794,0,0,4.68
182.3387,-63.2755,3.9718,0,0,1.19
